scheme,description
Cancer Scheme Bladder,new medical trail 1
Cancer Scheme Breast,new medical trail 2
Cancer Scheme Rectal,new medical trail 3
Cancer Scheme Endometrical,new medical trail 4
Cancer Scheme Kidney,new medical trail 5
Cancer Scheme Lukemia,new medical trail 6
Cancer Scheme Liver,new medical trail 7
Cancer Scheme Lung,new medical trail 8
Cancer Scheme Melanoma,new medical trail 9
Cancer Scheme Lymphoma,new medical trail 10
Cancer Scheme Pancrea,new medical trail 11
Cancer Scheme Thyroid,new medical trail 12
kidney Scheme Chronic,new medical trail 13
Kidney Scheme,new medical trail 14
Kidney Scheme Stone,new medical trail 15
Brain Scheme Alzheimer,new medical trail 16
Brain Scheme Dementiaa,new medical trail 17
Skin Scheme Acne,new medical trail 18
Skin Scheme Cold score,new medical trail 19
Heart Scheme Valvular,new medical trail 20
Heart Scheme Infection,new medical trail 21
Heart Scheme,new medical trail 22
Heart Scheme,new medical trail 23
Brain Scheme Tumor,new medical trail 24
Sugar Schema,new medical trail 25
Common Schemes,new medical trail 26
Common Schemes,new medical trail 27
Women Disease Scheme Endometriosis,new medical trail 28
Women Disease Scheme Fibroids,new medical trail 29
Women Disease Scheme Cancer,new medical trail 30
Women Disease Scheme Cystitis,new medical trail 31
Women Disease PCOS,new medical trail 32
